double valve replacement,Procedure
brain endoscopic surgery,Procedure
tubectomy,Procedure
hemodialysis,Procedure
coronary angioplasty,Procedure
surgical removal,Procedure
of knee arthroscopy,Procedure
open heart surgery,Procedure
brain tumor endoscopic surgery,Procedure
surgery of spine,Procedure
kidney stent removal procedure,Procedure
acl surgery,Procedure
spine nerve compression surgery,Procedure
radiotherapy,Procedure
hand surgery,Procedure
knee surgery replacement,Procedure
kidney stone operation,Procedure
knee and hip replacement,Procedure
ventriculostomy,Procedure
implant,Procedure
acl operation,Procedure
arthroscopy knee surgery,Procedure
surgery for spine,Procedure
ercp,Procedure
first aid,Procedure
ballooning,Procedure
knee special test,Procedure
knee replacement implant,Procedure
breast lump removal surgery,Procedure
neurology surgery,Procedure
gastric banding surgery,Procedure
keyhole surgery,Procedure
slip operation,Procedure
turp,Procedure
approx costspinal surgery,Procedure
brain tumour surgery,Procedure
arthroscopy of the knee,Procedure
arthroscopic knee surgery,Procedure
gastric bypass surgery,Procedure
liver transplant surgery,Procedure
heart hole after surgery,Procedure
angiogram,Procedure
balloon angioplasty,Procedure
minimally invasive surgery,Procedure
back surgery,Procedure
lumpectomy of breast,Procedure
valve replacement heart surgery,Procedure
tat,Procedure
implant,Procedure
heart hole operation,Procedure
hip arthroplasty,Procedure
heart and lung transplant,Procedure
neck hip surgery,Procedure
arthroscopy,Procedure
decompression,Procedure
coronary artery bypass graft,Procedure
radiation,Procedure
total hip replacement,Procedure
lumbar spine operation,Procedure
implant of knee replacement,Procedure
mitral valve replacement,Procedure
endoscopy,Procedure
heart ka operation,Procedure
aortic valve replacement,Procedure
surgery of the liver,Procedure
hip joint replacement,Procedure
liver transplantation,Procedure
icl surgery,Procedure
ptca,Procedure
stent insertion,Procedure
valve replacement in heart,Procedure
laser spine surgery,Procedure
brain stem surgery,Procedure
removal of gallbladder,Procedure
kidney transplant surgery,Procedure
bladder stone operation,Procedure
gastric sleeve surgery,Procedure
heart operation,Procedure
immunotherapy in cancer,Procedure
liver operation,Procedure
ct angiography,Procedure
lumbar spine mri scan,Procedure
kidney stone removal,Procedure
spine disc operation,Procedure
knee cap replacement,Procedure
cervical surgery,Procedure
percutaneous transluminal coronary angioplasty,Procedure
knee arthros opic surgery,Procedure
liver surgery,Procedure
acl ligament surgery,Procedure
endoscopic surgery,Procedure
kidney transplantation,Procedure
v p,Procedure
balloon mitral valvotomy,Procedure
laparoscopy,Procedure
invasive valve surgery,Procedure
kidney and pancreas transplantation,Procedure
cervical operation,Procedure
laser prostate surgery,Procedure
knee joint replacement operation,Procedure
mastectomy,Procedure
coronary artery bypass surgery,Procedure
spinal cord nerus block,Procedure
cyberknife surgery,Procedure
cannulation,Procedure
arthroscopy shoulder surgery,Procedure
spine replacement surgery,Procedure
slip disc surgery,Procedure
heart valve replacement,Procedure
microsurgery,Procedure
spinal disc operation,Procedure
heart open surgery,Procedure
hip ball replacement surgery,Procedure
hip joint replacement surgery,Procedure
ecmo,Procedure
drain,Procedure
heart transplant patients transplantation,Procedure
knee replacement after surgery,Procedure
achd,Procedure
radiation,Procedure
decompression surgery of cervical spine,Procedure
heart institute bypass surgery,Procedure
hysterectomy,Procedure
liver resection,Procedure
knee surgery,Procedure
openheart surgery,Procedure
spine surgery,Procedure
of stent in kidney stone removal,Procedure
arthroscopic ocl reconstruction surgery,Procedure
radiology,Procedure
ligament tear operation,Procedure
transsphenoidal surgery,Procedure
hip replacement surgery exercises,Procedure
biopsy,Procedure
fertility,Procedure
ventriculoperitoneal shunt,Procedure
spine laser surgery,Procedure
angiography,Procedure
bnp,Procedure
knee reconstruction surgery,Procedure
laparoscopic,Procedure
radiation therapy,Procedure
cervical spine operation,Procedure
cervical fusion,Procedure
brain without surgery,Procedure
frozen embryo transfer,Procedure
deep brain stimulation surgery,Procedure
surgery available in knee replacement,Procedure
hip bone replacement,Procedure
spine disc surgery,Procedure
hormonal therapy,Procedure
knee arthritis surgery,Procedure
bypass,Procedure
spine operation,Procedure
back bone surgery,Procedure
coronary bypass surgery,Procedure
heart bypass operation,Procedure
test for knee,Procedure
prevention,Procedure
gastric band surgery,Procedure
hysteroscopy,Procedure
balloon coronary angioplasty,Procedure
dialysis,Procedure
transplant of kidney procedures,Procedure
ventriculoperitoneal shunt,Procedure
breast oncologist surgery,Procedure
cancer surgery and radiotherapy,Procedure
heart blockage surgery,Procedure
heart and lung transplantation,Procedure
knee ligament operation,Procedure
pediatric surgery,Procedure
knee gap surgery,Procedure
lumbar spine surgery,Procedure
breast consevation surgery,Procedure
heart valve surgery,Procedure
hip surgery,Procedure
neurosurgery,Procedure
ivf,Procedure
heart lung transplant,Procedure
closure,Procedure
pulmonary angiogram,Procedure
ventriculostomy,Procedure
bypass surgery of stomach,Procedure
laparoscopic,Procedure
lapro surgery,Procedure
repair,Procedure
spinal lumbar surgery,Procedure
knee correction surgery,Procedure
breast conserving surgery,Procedure
total knee replacement surgery,Procedure
breast reconstruction,Procedure
decompression of lumbar spine,Procedure
bone marrow surgery,Procedure
endoscopic,Procedure
spondyloluthesis surgery,Procedure
hip bone surgery,Procedure
heart operations,Procedure
lumpectomy,Procedure
joint replacement of joint,Procedure
heart surgery,Procedure
kidney stones stent operation,Procedure
uterus removal surgery,Procedure
procedure for liver,Procedure
reduction,Procedure
hypaspadias surgery,Procedure
spinal disc surgery,Procedure
arthroscopic surgery,Procedure
urethroplasty,Procedure
radiosurgery,Procedure
bmt,Procedure
mammography,Procedure
tricuspid valve surgery,Procedure
heart surgery,Procedure
laparoscopy,Procedure
knee joint replacement surgery,Procedure
myomectomy,Procedure
tavr surgery,Procedure
ballooning,Procedure
pacemaker surgery,Procedure
ligament reconstruction,Procedure
ablation therapy,Procedure
percutaneous coronary intervention,Procedure
ica,Procedure
cath,Procedure
micro,Procedure
elbow joint surgery,Procedure
microdiscectomy,Procedure
cardiac operation,Procedure
bone marrow transplant donation procedure,Procedure
knee orthopedic tests,Procedure
endoscopic 3rd ventriculostomy surgery,Procedure
spinal cord surgery,Procedure
sircitca surgery,Procedure
tubal ligation,Procedure
neuro spine surgery,Procedure
eswl,Procedure
stent removal,Procedure
spinal cord ke operation,Procedure
cervical diskectomy and fusion,Procedure
diskectomy,Procedure
hip ball joint replacement,Procedure
stereotactic radiosurgery,Procedure
birth control pills,Procedure
heart valve replacement surgery,Procedure
removal of stent,Procedure
surgery in knee,Procedure
total knee replacement,Procedure
banding,Procedure
coronary artery disease and bypass surgery,Procedure
total hip replacement surgery,Procedure
spinal cord tumor surgery,Procedure
chemo,Procedure
valve replacement surgery,Procedure
urology robotic surgery,Procedure
nee replacement surgery,Procedure
spinal decompression,Procedure
knee replacement post surgery,Procedure
laminectomy,Procedure
bariatric surgery,Procedure
renal transplant,Procedure
heart surgery valve replacement,Procedure
cerebral angiography,Procedure
open heart surgery bypass,Procedure
arthroscopy knee,Procedure
knee pi hole surgery,Procedure
embolization,Procedure
bone barrow biopsy,Procedure
homeopathy,Procedure
hip replacement surgery implant,Procedure
lumbar discectomy,Procedure
surgery risky than endoscopic,Procedure
neck slip disc surgery,Procedure
coronary balloon angioplasty,Procedure
bone marrow harvesting,Procedure
heart procedure,Procedure
kidney transplant operation,Procedure
arthroscopic surgery of knee,Procedure
bypass,Procedure
coiling procedure,Procedure
joint replacement,Procedure
heart stent surgery,Procedure
hybrid,Procedure
coronary blockswhere angioplasty,Procedure
scoliosis correction,Procedure
heart valve operation,Procedure
pulmonary valve replacement,Procedure
cystoscopy,Procedure
bone marrow kaise transplant,Procedure
brain tumor operation,Procedure
brain blockage surgery,Procedure
heart operation open surgery,Procedure
heart valve leakage surgery,Procedure
cancer chemotherapy,Procedure
spinal pinhole surgery,Procedure
pinning,Procedure
neck surgery,Procedure
reconstruction,Procedure
chest surgery lung transplantation new,Procedure
spinal fusion,Procedure
endoscopic third ventriculostomy,Procedure
joint hip replacement,Procedure
spine fusion surgery,Procedure
debridement,Procedure
breast cancer biopsy,Procedure
chemo,Procedure
endoscopic,Procedure
aorta endovascular repair,Procedure
knee damage surgery,Procedure
knee joint replacement,Procedure
blood test,Procedure
examination of breast,Procedure
coronary artery bypass graft surgery,Procedure
breast tumor surgery,Procedure
brain bypass surgery,Procedure
brain angio surgery,Procedure
heart attack operation,Procedure
knee what surgery,Procedure
hematology test,Procedure
knee prosthesis,Procedure
knee replacement laser surgery,Procedure
transurethral resection of prostate,Procedure
of heart valve replacement surgery,Procedure
knee ball replacement,Procedure
brain operation,Procedure
brain surgery,Procedure
cabg,Procedure
tavi,Procedure
surgery for knee,Procedure
mri,Procedure
knee arthroscopy major surgery,Procedure
heart kidney transplant,Procedure
liver disease and transplantation,Procedure
shoulder surgery arthroscopic,Procedure
mitral valvuloplasty,Procedure
neuro surgery,Procedure
heart transparent surgery,Procedure
knee fracture surgery,Procedure
bone marrow transplantation,Procedure
cancer screening,Procedure
ct coronary angiography,Procedure
bladder surgery,Procedure
hypospadias repair,Procedure
joint replacement surgery,Procedure
heart lung transplant,Procedure
chiropractic,Procedure
by pass surgery,Procedure
laser knee surgery,Procedure
valve replacement heart,Procedure
gallbladder surgery,Procedure
percutaneous transluminal angioplasty,Procedure
ovarian cancer operation,Procedure
liver transplant operation,Procedure
mitral valve that replacement in heart surgery,Procedure
median sternotomy,Procedure
knee replacement,Procedure
homeopathic,Procedure
arthroscopy,Procedure
slip disc operation,Procedure
knee ligament surgery,Procedure
ablation,Procedure
brain tumor surgeries,Procedure
kamanani bariatric surgery,Procedure
spine tumour surgery,Procedure
midcab surgery,Procedure
heart transplant,Procedure
laminectomy,Procedure
physiotherapy,Procedure
removal of one ovary,Procedure
spinal fusion procedure,Procedure
cancer breast chemotherapy,Procedure
angioplasty,Procedure
posterior decompression and spinal fusion with instrumentation,Procedure
fusion surgery back,Procedure
transplantation of kidney and pancreas,Procedure
marrow surgery,Procedure
breast cancer surgery,Procedure
heart bulb operation,Procedure
heart bypass surgery,Procedure
decompression spine surgery,Procedure
aneurysm repair,Procedure
clipping in unruptured aneurysm,Procedure
knee replacement surgery,Procedure
surgery gastric bypass,Procedure
ct scan heart,Procedure
endoscopic laser spine surgery,Procedure
sternotomy,Procedure
prp,Procedure
cardiac ct angiography,Procedure
cervical cerclage procedure,Procedure
spinal card surgery,Procedure
nee operation,Procedure
intrauterine insemination,Procedure
prostatectomy,Procedure
radical prostatectomy,Procedure
surgery knee replacement,Procedure
craniotomy,Procedure
ursl,Procedure
heart hole surgery,Procedure
removal of ovarian cyst,Procedure
open and closed heart surgery,Procedure
brain tumor surgery,Procedure
test knee,Procedure
ligament repair,Procedure
brain blood clot surgery,Procedure
knee implant surgery,Procedure
knee hip joint replacement,Procedure
attachment,Procedure
joint surgery,Procedure
renal transplant surgery,Procedure
spine fixation surgery,Procedure
spinal anesthesia after laminectomy,Procedure
hip replacement,Procedure
acl no surgery,Procedure
bone operation,Procedure
angioplasty balloon,Procedure
brain clot surgery,Procedure
knee operation,Procedure
heart valves replacement surgery,Procedure
lung surgery,Procedure
bone marrow transplant,Procedure
arthroscopic shoulder surgery,Procedure
surgery timing in knee replacement,Procedure
positioning,Procedure
spinal surgery,Procedure
spinal cord operation,Procedure
angioplasty coronary artery,Procedure
cosmetic,Procedure
hip ball replacement,Procedure
mastectomy,Procedure
extraction,Procedure
gastrectomy,Procedure
uterine prolapse surgery,Procedure
fusion,Procedure
removal of ureteral stent,Procedure
implant for knee replacement,Procedure
laser surgery,Procedure
prostate surgery,Procedure
liver tumor surgery,Procedure
arthroscopy of knee,Procedure
implantation,Procedure
compression,Procedure
stent placement,Procedure
breast lump removal,Procedure
heart stent operation,Procedure
heart mitral valve replacement surgery,Procedure
percutaneous valvuloplasty,Procedure
orthopaedic surgery,Procedure
gastric bypass,Procedure
mitral valve replacement mvr mechanical valve,Procedure
mitral valve replacement surgery,Procedure
speech therapy,Procedure
pet scan,Procedure
angioplasty,Procedure
hip joint ball replacement,Procedure
imaging,Procedure
cardiac surgery,Procedure
bulging disc surgery,Procedure
replacement of heart valve,Procedure
heart operation angiography,Procedure
coronary angioplasty procedure,Procedure
immunotherapy,Procedure
cervical spondylitis,Procedure
pinched nerve,Procedure
chip fracture,Procedure
hip fracture,Procedure
fracture,Procedure
spine cancer,Procedure
cervical spine injury,Procedure
cancer bone marrow,Procedure
herniation,Procedure
blood clot,Procedure
uterus prolapse,Procedure
anemia aplastic,Procedure
heart vein blockage,Procedure
osteoarthritis,Procedure
pta,Procedure
hip dislocation,Procedure
ligament tear in knee,Procedure
breast cancer,Procedure
cervical cancer,Procedure
stone in kidney,Procedure
kidney stone,Procedure
mouth cancer,Procedure
sports injury knee,Procedure
renal artery stenosis,Procedure
end stage liver disease,Procedure
of hip dislocation,Procedure
ear infection,Procedure
hip bone fracture,Procedure
spondylolisthesis,Procedure
craniopharyngioma,Procedure
bone marrow disorders,Procedure
penile hypospadias,Procedure
spinal cord injury,Procedure
spinal tumor,Procedure
brain tumor,Procedure
vsd,Procedure
kidney failure,Procedure
tumour metastasis to brain,Procedure
fibroids,Procedure
cervical spondylosis,Procedure
adenocarcinoma prostate cancer,Procedure
knee ligaments injury,Procedure
splenic artery aneurysm,Procedure
ligament injury,Procedure
paralytic stroke,Procedure
liver parenchymal disease,Procedure
liver failure,Procedure
bone marrow in blood cancer,Procedure
infection,Procedure
torn,Procedure
liver disease,Procedure
lymphoma,Procedure
spinal tumors,Procedure
grip,Procedure
bone marrow cancer,Procedure
end stage renal dis,Procedure
buccal mucosa cancer,Procedure
hemorrhoids,Procedure
aplastic anemia bone marrow,Procedure
autism,Procedure
pulmonary cancer,Procedure
tongue cancer,Procedure
nhs,Procedure
disease of liver,Procedure
ich,Procedure
pancreatitis,Procedure
heart storke disease,Procedure
posterior,Procedure
urinary tract infection,Procedure
rheumatic mitral stenosis,Procedure
anterior cruciate ligament injury,Procedure
spinal stenosis,Procedure
disc prolapse,Procedure
cerebral palsy,Procedure
stroke,Procedure
filariasis,Procedure
posterior,Procedure
bone marrow diseases,Procedure
cyst,Procedure
anterior cruciate ligament tear,Procedure
arthritis surgery knee,Procedure
kyphosis,Procedure
endometrial hyperplasia,Procedure
avm,Procedure
heart failure,Procedure
lumbar spondylosis,Procedure
arthritis on knee,Procedure
myeloma,Procedure
lumbar fracture,Procedure
scoliosis,Procedure
closed hip dislocation,Procedure
endometriosis,Procedure
aplastic anemia,Procedure
lung cancer,Procedure
breakdown,Procedure
spondylitis,Procedure
acute liver failure,Procedure
adenocarcinoma of lungs,Procedure
spinal canal stenosis,Procedure
liver and heart disease,Procedure
prostate cancer,Procedure
autistic,Procedure
arthritis,Procedure
uterus fibroids,Procedure
small cell lung carcinoma,Procedure
fracture of lumbar spine,Procedure
sms,Procedure
spine disease,Procedure
oral cancer,Procedure
heart blocks,Procedure
ovarian cyst,Procedure
liver cirrhosis disease,Procedure
acl tear,Procedure
chronic liver cell disease,Procedure
blocks in heart,Procedure
asd,Procedure
coronary artery disease,Procedure
cerebral aneurysm,Procedure
varicocele,Procedure
spondylosis,Procedure
epilepsy,Procedure
thalassemia,Procedure
neck spondylosis,Procedure
of chemoradiation in head and neck cancer,Procedure
hernia,Procedure
block in heart,Procedure
hypospadias,Procedure
uterine prolapse,Procedure
tumor,Procedure
aortic stenosis,Procedure
kidney stones,Procedure
head and neck cancer,Procedure
knee replacement arthritis,Procedure
acl sprain,Procedure
mitral valve prolapse,Procedure
stroke,Procedure
uterine fibroids,Procedure
pain after gallbladder,Procedure
adenocarcinoma of lung,Procedure
neurological disorders,Procedure
ligament tear surgery in knee,Procedure
herniated disc,Procedure
spondylosis lumbar,Procedure
metastatic breast cancer,Procedure
lumbar spinal stenosis,Procedure
gallbladder stones,Procedure
kidney disease,Procedure
scid,Procedure
cervical spinal cord injury,Procedure
protruded,Procedure
acute leukemia,Procedure
congenital hydrocephalus,Procedure
ligament tear,Procedure
ankle sprain,Procedure
leukemia,Procedure
complete acl tear,Procedure
myocardial infarction,Procedure
atherosclerotic heart disease,Procedure
stenosis,Procedure
fistula,Procedure
cervical disc disease,Procedure
degenerative spine disease,Procedure
protrusion,Procedure
patella fracture,Procedure
knee joint ligament tear,Procedure
oral treatment for cancer,Procedure
anterior,Procedure
spinal fracture,Procedure
knee brace for ligament tear,Procedure
heart blockage,Procedure
liver cell failure,Procedure
rcc,Procedure
thalassemia major,Procedure
avulsion fracture,Procedure
partial acl tear,Procedure
carcinoma breast,Procedure
cancer spine,Procedure
hydrocephalus,Procedure
modi,Procedure
vsd,Procedure
cervical myelopathy,Procedure
cystic ovarian disease,Procedure
of head and neck cancer,Procedure
gall bladder stone,Procedure
coronary heart disease,Procedure
heart block,Procedure
ovarian cancer,Procedure
tubal block,Procedure
complete tear,Procedure
cll,Procedure
adenoma,Procedure
cord,Procedure
heart disease,Procedure
hip joint fracture,Procedure
spinal tumour,Procedure
cyst in uterus,Procedure
breast mri for cancer,Procedure
giant,Procedure
lipoma,Procedure
dcm,Procedure
injury,Procedure
ovary cancer,Procedure
lungs cancer,Procedure
blocked valve in heart,Procedure
neurological disorders,Procedure
degenerative disc disease,Procedure
aneurysm,Procedure
erectile dysfunction,Procedure
icd,Procedure
prolapse,Procedure
breast tumor,Procedure
hydrocephalus,Procedure
bucket handle meniscus tear,Procedure
normal pressure hydrocephalus,Procedure
slipped disc,Procedure
arthritis in hip,Procedure
blood cancer,Procedure
multiple myeloma,Procedure
cyst in ovary,Procedure
aortic aneurysm,Procedure
heart attack,Procedure
cmh,Procedure
obesity,Procedure
spinal cord tumor,Procedure
testicular,Procedure
cancer,Procedure
kidney stones,Procedure
feeling very tired,Procedure
perforation,Procedure
fever,Procedure
frequency ablation,Procedure
tremors,Procedure
chest pain,Procedure
arrhythmia,Procedure
knee swelling,Procedure
artificial hip joint,Procedure
heart rhythm,Procedure
heart blockage symptoms,Procedure
severe back thigh pain,Procedure
liver pain,Procedure
back pain,Procedure
leg pain,Procedure
pain in hip joint,Procedure
spine pain,Procedure
joint pain,Procedure
weight loss,Procedure
fitting,Procedure
damage liver,Procedure
pain after kidney,Procedure
back muscle pain,Procedure
shunt,Procedure
urine leakage,Procedure
planning,Procedure
tooth nerve pain,Procedure
signs and symptoms,Procedure
heart pain,Procedure
artificial heart valve,Procedure
backache,Procedure
severe back pain,Procedure
knee pain,Procedure
vomiting,Procedure
prashanth,Doctors
ranjan,Doctors
sriharsha ajjur,Doctors
raja ram,Doctors
pavan vasoya b,Doctors
madhulika,Doctors
jayashankar orthopaedic,Doctors
veena kalra,Doctors
devi shetty,Doctors
hn anand,Doctors
arunkumar,Doctors
b l prakash,Doctors
abraham ahmed,Doctors
narasimhan,Doctors
venkatesh t k,Doctors
patnabest,Doctors
srinivas boga,Doctors
deepak inamdar,Doctors
arun l naik,Doctors
subbiah,Doctors
anil kamath,Doctors
subodh raju,Doctors
shanmuga sundaram,Doctors
rajesh,Doctors
shivraj n orthopaedic,Doctors
muralidhar,Doctors
vijai kumar,Doctors
tripti deb,Doctors
paul,Doctors
venkatesh krishnamoorthy,Doctors
vivek bindal,Doctors
rakesh gopal,Doctors
dvsln sharma,Doctors
uma krishnaswamy,Doctors
kumar,Doctors
srihari,Doctors
satish rudrappa,Doctors
krishan raddey,Doctors
oukul nath,Doctors
imtez,Doctors
arthopitic,Doctors
bharat,Doctors
sushanmukhopadhya,Doctors
chandrasekar chikkamuniyappa,Doctors
pramod reddy kandakure,Doctors
harpreet singh,Doctors
piyush orthopaedic,Doctors
sai lakshmi daayana,Doctors
viswanathan,Doctors
thirumalai,Doctors
sunil kutty,Doctors
samir kaul,Doctors
jayant,Doctors
vikas agarwal,Doctors
rajagopal,Doctors
indronil ghosh,Doctors
n somashekar reddy,Doctors
chandrashekar p,Doctors
wasiq,Doctors
basheer ahemed,Doctors
abhilash bansal,Doctors
sanjaysimha,Doctors
sridharan ramaratnam,Doctors
chandrasekhar,Doctors
s k bose,Doctors
raviraj a,Doctors
sanjay,Doctors
rajamaheswari,Doctors
sudhir kumar,Doctors
k s ravindranath,Doctors
rajeev annigeri,Doctors
dixit,Doctors
bhaba nanda,Doctors
karthigesan a m,Doctors
manish samson,Doctors
ramesh,Doctors
manoj,Doctors
amiyavo ghosh,Doctors
kapardhi,Doctors
girish navasundi,Doctors
ramni narsiman,Doctors
kartik revanappa,Doctors
vinay raj kaladagi,Doctors
spslist,Doctors
k selvakumar,Doctors
modi,Doctors
saikat kanjilal,Doctors
venkatesh,Doctors
arun kumar ramanathan,Doctors
orthopaedic,Doctors
atul srivastava,Doctors
shishir shetty,Doctors
b n das,Doctors
chandrashekar patra,Doctors
vikash agarwal,Doctors
kamlesh chauhan,Doctors
anshuman agarwal,Doctors
aswini kumar panigrahi,Doctors
somaraj,Doctors
madhan thiruvengada,Doctors
venkata karthikeyan c,Doctors
shankar loharuka,Doctors
najeeb,Doctors
j sethi,Doctors
shashidhar nuerosurgent,Doctors
raviraj,Doctors
navaladi shankar,Doctors
a v nagaraj,Doctors
sivasubramanian,Doctors
sanjay trivedi,Doctors
surya prakash rao,Doctors
aditya,Doctors
neuro science,Doctors
cardiologists,Doctors
endocrinologist,Doctors
orthopedics,Doctors
cardiologist,Doctors
nephrologist,Doctors
cardiologist surgeon,Doctors
neurosurgeon,Doctors
urologist,Doctors
orthopedic,Doctors
ophthalmologist,Doctors
orthopedician,Doctors
gynecologist,Doctors
hepatologist,Doctors
orthopedicians,Doctors
orthopaedist,Doctors
oncologist,Doctors
obstetrician,Doctors
pediatric doctor,Doctors
oncologists,Doctors
gynecologists,Doctors
pediatric surgeon,Doctors
pulmonologist,Doctors
andrologist,Doctors
cardiothoracic surgeon,Doctors
gynaecologist,Doctors
orthopedist,Doctors
gastroenterologist,Doctors
paediatrician,Doctors
ent specialist,Doctors
nephrologists,Doctors
pediatrician,Doctors
radiologist,Doctors
neurologist,Doctors
hematologist,Doctors
opd specialist,Doctors
ivf specialist,Doctors
orthopaedicians,Doctors
neurologists,Doctors
appointment,General
contact,General
risk,General
review,General
side,General
effects,General
side effects,General
age,General
phone,General
top ten,Desirable
malayali,Desirable
top most,Desirable
better,Desirable
best,Desirable
top,Desirable
top 10,Desirable
hindi,Desirable
famous,Desirable
indian,Desirable
rated,Desirable
orthopaedic apollo hospitals,Hospital
child health,Hospital
aster hospital,Hospital
trust hospital,Hospital
jj hospital,Hospital
kiran shaw oral cancer hospital oral cancer hospital,Hospital
sims hospital,Hospital
orthopaedic surgical hospital,Hospital
bhuneswar cardiology hospital cardiology hospital,Hospital
global hospital,Hospital
mahaveer jain hospital,Hospital
nu hospitals,Hospital
libbar hospital,Hospital
bombay hospital,Hospital
ganga hospital,Hospital
bmts hospital,Hospital
ram hospital,Hospital
neuro hospital,Hospital
ozone,Hospital
aiims,Hospital
narayana,Hospital
aiims hospital,Hospital
r hospital,Hospital
government hospital,Hospital
malathi manipal,Hospital
gunasheela hospital,Hospital
prime,Hospital
hinduja hospital,Hospital
kamakshi hospital,Hospital
nims,Hospital
sakra,Hospital
apollo gleneagles,Hospital
prakriya hospital,Hospital
manipal hospital,Hospital
fusion kidney hospital kidney hospital,Hospital
chakraborty orthopaedic hospital orthopaedic hospital,Hospital
srikara,Hospital
bgs,Hospital
fortis,Hospital
ganga ram hospital,Hospital
image,Hospital
leelavati,Hospital
nu fertility hospital fertility hospital,Hospital
kims,Hospital
apollo jubilee hills,Hospital
general hospital,Hospital
kamatchi hospital,Hospital
apollo,Hospital
life hospital,Hospital
rathimed speciality hospital,Hospital
sanjay gandhi hospital,Hospital
aster cmi hospital,Hospital
jasola apollo hospital,Hospital
cmi aster hospital,Hospital
oral cancer hospital cancer hospital,Hospital
children hospital,Hospital
columbia asia,Hospital
saroj hospital,Hospital
fortis hospital,Hospital
cmh hospital,Hospital
kle hospital,Hospital
nimhans hospital,Hospital
hosmat,Hospital
john hospital,Hospital
care hospital,Hospital
balari,Location
greams road,Location
hyd,Location
old washermenpet,Location
lingampally,Location
daryaganj,Location
sarjapur road,Location
dombivli,Location
ludhiana,Location
panchla,Location
rajinder nagar,Location
south delhi,Location
hyderguda,Location
bengaluru,Location
mysore,Location
bannerghatta road,Location
kolkata,Location
kerala,Location
coimbatore,Location
new delhi,Location
govindpuri,Location
koramangala,Location
rt nagar,Location
k r puram,Location
delhi,Location
rao nagar,Location
rajajinagar,Location
amritsar,Location
anand,Location
madhu vihar,Location
hyderabad,Location
electronic city,Location
vijayanagar,Location
pallikaranai,Location
mylapore,Location
bangalore,Location
nellore,Location
btm,Location
mediplus,Location
belapur,Location
salt lake,Location
west bengal,Location
secunderabad,Location
koremangla,Location
haryana,Location
nungambakkam,Location
laketown,Location
odisha,Location
arthopitic,Location
magadi road,Location
navi mumbai,Location
blore,Location
indiranagar,Location
palakkad,Location
gujarat,Location
bellanduru,Location
karnataka,Location
siliguri,Location
kharghar,Location
kalyan nagar,Location
tamil nadu,Location
chennai,Location
kanakapura road,Location
livine,Location
katriguppe,Location
thane,Location
red hills,Location
virar,Location
bannerghatta,Location
ramamurthy nagar,Location
indore,Location
madurai,Location
hsr layout,Location
yelahanka,Location
hebbal,Location
tirunelveli,Location
bijapur,Location
begumpet,Location
blr,Location
jamshedpur,Location
trichy,Location
ahmedbad,Location
malleswaram,Location
kolathur,Location
chandanagar,Location
india,Location
ahmedabad,Location
miyapur,Location
road,Location
mahalakshmi layout,Location
bhubaneswar,Location
gurgaon,Location
janardhan nagar,Location
hsr,Location
whitefield,Location
kaladagi north,Location
old airport road,Location
banjara hills,Location
akanda,Location
central,Location
bangladesh,Location
puttur,Location
calcutta,Location
nagole,Location
jayanagar,Location
indranagar,Location
bglore,Location
somajiguda,Location
noida,Location
marathali,Location
patancheru,Location
kharar,Location
cit nagar,Location
cunningham road,Location
borivali west,Location
taluk,Location
nanganallur,Location
tiruvarur,Location
chamrajapet,Location
mumbai,Location
sheshadripuram,Location
marathahalli,Location
near me,Location
nearby,Location
around me,Location
address,Location
near my location,Location
near to,Location
nearest,Location
cost,Cost
paisa,Cost
charge,Cost
fees,Cost
rate,Cost
price,Cost
package,Cost
rupees,Cost
amount,Cost
